seminarid,photo,fname,lname,gender,phone,email,age,education,church,churchpastor,guardian,guardiancontact,nationality,paymentgateway,paymentgatewayinfo,paymentsenderinfo,address,city,country,postal,,
16,,John,John,male,17265,princepeal25@gmail.com,25,Under Graduate,London Church,Samuel Lee,Ben Jonson,demo,demo,demo,demo,demo,Savar,Dhaka,Bangladesh,1340,,
16,,jonathon,jonathon,male,17265,princepeal25@gmail.com,25,demo,demo,demo,demo,demo,demo,demo,demo,demo,Savar,Dhaka,Bangladesh,1340,,
16,,alan,alan,male,17265,princepeal25@gmail.com,25,demo,demo,demo,demo,demo,demo,demo,demo,demo,Savar,Dhaka,Bangladesh,1340,,
16,,bella,bella,male,17265,princepeal25@gmail.com,25,demo,demo,demo,demo,demo,demo,demo,demo,demo,Savar,Dhaka,Bangladesh,1340,,
16,,alan,alan,male,17265,princepeal25@gmail.com,25,demo,demo,demo,demo,demo,demo,demo,demo,demo,Savar,Dhaka,Bangladesh,1340,,
16,,alex,alex,male,17265,princepeal25@gmail.com,25,demo,demo,demo,demo,demo,demo,demo,demo,demo,Savar,Dhaka,Bangladesh,1340,,
,,,,,,,,,,,,,,,,,,,,,,
,,,,,,,,,,,,,,,,,,,,,,
,,,,,,,,,,,,,,,,,,,,,,
